제목,시작일,종료일,링크,주최자_닉,주최자_식별코드
2025 연말기념 방붕이 연령대 조사,2025-10-31,2025-12-30,https://gall.dcinside.com/mgallery/board/view/?id=bang_dream&no=5729461,우이골댕이,pine5337
2025 연말기념 방붕이 최애밴드 조사,2025-11-18,2025-12-30,https://gall.dcinside.com/mgallery/board/view/?id=bang_dream&no=5755602,우이골댕이,pine5337
조별과제 대회,2025-11-20,2026-02-10 23:59,https://gall.dcinside.com/mgallery/board/view/?id=bang_dream&no=5758326,퓨니카,attorney2164
천하제일 누이스토리 대회,2025-12-01,2026-02-28,https://gall.dcinside.com/mgallery/board/view/?id=bang_dream&no=5774209,ㅇㅇ,geyuwukdoch13
아베무지카 커버대회,2025-12-15,2026-03-15 23:59,https://gall.dcinside.com/mgallery/board/view/?id=bang_dream&no=5798862,iVanEz,tide8415
뱅드림의 경지2 시즌2,2025-12-06,2026-02-13 18:00,https://gall.dcinside.com/mgallery/board/view/?id=bang_dream&no=5782301,방갤제일검,shabby1229
다음내한예측대회,2025-12-25,2026-12-31,https://gall.dcinside.com/mgallery/board/view/?id=bang_dream&no=5824373,momokan,hers0556
세트리 대회,2025-12-26,2026-01-03 00:00,https://gall.dcinside.com/mgallery/board/view/?id=bang_dream&no=5826452,미스미_하츠네,hunt6910
로젤리아인증,2025-12-03,2025-12-31 23:59,https://gall.dcinside.com/mgallery/board/view/?id=bang_dream&no=5777404,야마부키,prideofjeju
세타 카오루 랜드 입주하기 대회,2025-12-21,2025-12-30 23:59,https://gall.dcinside.com/mgallery/board/view/?id=bang_dream&no=5808703,potato-man,nyam007
방캐토대회,2025-12-31,2026-01-01,https://gall.dcinside.com/mgallery/board/view/?id=bang_dream&no=5841097,후에엥,hanasakigawa
시롱이 애호 대회,2026-01-02,2026-02-18 23:59,https://gall.dcinside.com/mgallery/board/view/?id=bang_dream&no=5847686,시롱이,adequate8063